﻿Designator,Footprint,Quantity,Value,LCSC Part #
"C1, C14, C19, C2, C21, C23, C27, C3, C4, C5",0603,10,0.1uF,
"C10, C11, C12, C13, C16, C25, C8, C9",0603,8,1uF,
C15,0603,1,22uF,
"C18, C20, C22, C26, C7",0603,5,10uF,
"C24, C6",0603,2,4.7uF,
"D1, D4",SOT-143,2,SP0503BAHTG,
D2,D_SMA,1,SS34,
D5,LED_WS2812B_PLCC4_5.0x5.0mm_P3.2mm,1,WS2812B,
J1,MOLEX_105028-1001,1,105028-1001,
"J3, J6",USB_C_Receptacle_GCT_USB4105-xx-A_16P_TopMnt_Horizontal,2,USB_C_Receptacle_USB2.0_16P,
J4,GCT_MEM2080-00-128-00-A_REVA,1,SD Card,
J5,Hirose_FH12-40S-0.5SH_1x40-1MP_P0.50mm_Horizontal,1,FFC 40P,
L1,1008,1,2.2uH,
Q1,SOT-23,1,S8050,
Q4,SOT-23,1,SI3404-TP,
"R1, R2",0603,2,4K7,
"R10, R15, R24, R25, R39, R42, R43, R44, R45, R46, R47, R5, R6",0603,13,10K,
"R12, R13, R23, R30, R37, R48",0603,6,0R,
"R14, R34",0603,2,330R,
"R19, R20, R35, R36",0402,4,33R,
"R21, R32, R33, R7, R8",0603,5,5k1,
"R27, R28, R29",0603,3,10R,
R3,0603,1,100K,
R40,0603,1,1K,
R9,0603,1,45K3,
SW1,SW_SPST_CK_RS282G05A3,1,BOOT,
SW2,SW_Tactile_SPST_Angled_PTS645Vx83-2LFS,1,RESET,
U1,SOT-23-5,1,TLV62565DBVx,
U2,SOT-23-5,1,TLV75530PDBV,
U3,SOT-23-5,1,TLV74128PDBVR,
U4,SOT-23-5,1,TLV74112PDBVR,
U5,ESP32-S3-WROOM-1,1,ESP32-S3-WROOM-1,
U6,MSOP10,1,NS2009,
U7,SSOP-20_3.9x8.7mm_P0.635mm,1,FT231XS,
"U8, U9",SOT65P210X110-6N,2,SMF05CT1G,
X1,Oscillator_SMD_Abracon_ASE-4Pin_3.2x2.5mm,1,ASE-xxxMHz,
